202,Charles Thornton,399 Riley Pike Suite 645,Brandiland,27515
203,Andrea Huber,554 Tracy Green Suite 296,Lake Chrisburgh,66946
204,Katherine Lindsey,663 Michael Curve Suite 590,East Christopherberg,81503
205,Billy Patton,0692 Gerald Glens Suite 787,East Robertmouth,30292
206,Tracie Bennett,47149 Bird Dale,North Lisa,51715
207,Tony Gonzalez,0153 Bray Terrace,Port Corey,48071
208,Diane Walter,147 Williams Expressway,Juliaborough,51479
209,Jennifer Woods,12275 Tammy Burgs,New Perry,76391
210,Tammie Leblanc,784 Joshua Light,New Meagan,59154
211,Lisa Holt,93693 Michele Union,New Dean,73340
212,Christine Rasmussen,94609 Taylor Vista Apt. 430,Colleenberg,86900
213,Micheal Perkins,8850 Jennifer Fork,Lindsaytown,16165
214,Joshua Jones,3592 Moyer Park Apt. 412,New Debra,63068
215,Kimberly Ford,121 Steele Village,Port Michael,19999
216,Nathaniel Smith,9167 Villarreal Station,Devinmouth,73596
217,Ian Nelson,32342 Lopez Underpass,Margaretchester,09273
218,Donald Fleming,529 Hensley Gateway Apt. 712,Johnbury,45384
219,Patrick Barry,8863 Bailey Fields Suite 146,Raymondstad,68049
220,Lisa King,88061 Carrie Roads Suite 997,West John,41195
221,Nicole Davis,37401 Nancy Pine,Ramosfurt,09364
222,Jessica Perez,503 Shawn Plaza Apt. 682,South Julie,76845
223,Diana Cunningham,09842 Gill Stream Apt. 627,Garybury,86302
224,Jonathan Maldonado,829 Jones Rapid,Smithbury,01530
225,Tara Tanner,619 Alex Ports Apt. 796,Port Zacharyland,31655
226,Kara Garcia,0122 Alisha Field Suite 483,Danielborough,33489
227,Carolyn Bryant,2328 Sheila Lodge,New Xavier,12934
228,Adrian Huang,1332 Olivia Light Suite 716,Evanston,69729
229,Julie Anderson,93590 Ferguson Road Suite 306,Mathisfort,39565
230,Benjamin Holloway,1306 Young Burg,South Susan,61226
231,Stephanie Holmes,727 Carter Lock Suite 722,Timothystad,31527
232,Timothy Parker,813 Short Heights Suite 195,New Michelleton,12712
233,Timothy Lewis,299 Michael Rest Apt. 188,Seanshire,62865
234,Angela Sweeney,74685 White Throughway Apt. 390,Julieshire,95548
235,Michael Rodriguez,9733 Travis Rapid Apt. 433,Ricardohaven,07039
236,David Reyes,3861 Adam Views Apt. 266,South Richard,07934
237,Alex Chapman,72806 Patel Haven Apt. 452,Carrburgh,67663
238,Chad Howard,2392 Nancy Gardens Suite 511,Millerton,63908
239,Brian Stephens,34162 Adam Route Apt. 149,Smithshire,75249
240,Mrs. Tina Cochran MD,4594 Nathaniel Overpass,New Chloe,67913
241,William Baldwin,24123 Garner Coves Apt. 134,Lake Kimberly,87113
242,Janet Stevens,8146 Payne Falls,Jenniferberg,91686
243,Vanessa Rodriguez,702 Abbott Mill,North Matthewbury,91664
244,Alicia Hamilton,436 Wood Lodge,Rodriguezburgh,85398
245,Terry Clarke,77191 Carl Ridges Suite 792,Vanessaton,63495
246,Julie Gray,88531 Craig Way,Martinezmouth,32311
247,James Bailey,7468 Collins Locks Apt. 119,Port Rebecca,11411
248,Allen White,587 Daniels Mount,East Carlosborough,89838
249,Betty Jenkins,878 Michelle Squares,Aprilland,27096
250,Kelsey Williams,49661 Wilson Point Apt. 586,Valdezburgh,20445
251,Lisa Scott,15200 Christopher Pike,Port Carlosborough,01451
252,Kim Martinez,940 Berry Extension,North Catherine,80777
253,Michael Drake,03991 Eric Oval Suite 311,Conniefort,12304
254,Stephanie Jones,693 Timothy Tunnel Apt. 628,Bethside,08469
255,Nancy Grant,520 Lopez Ford Suite 256,North Kristaborough,67261
256,Thomas Hickman,5237 Best Fields Apt. 052,East Matthew,10666
257,Anna Jones,8061 Charles Plaza Apt. 633,New Christine,83886
258,Joseph Rangel,30083 Blankenship Brook,Ryanhaven,23404
259,Michael Thomas,531 Susan Course Suite 974,West Darylside,64603
260,Donna West,5650 White Hill,Martinview,33395
261,Andrea Gibbs,82898 Clark Underpass,North Andrea,21943
262,Levi Sullivan,01159 Michelle Drive Apt. 205,New Gloria,72176
263,Joseph Little,8196 Mills Common Suite 807,Mitchellville,44121
264,Jennifer Turner,52609 Taylor Trafficway,Port Carol,12215
265,Melanie Pitts,845 Robert Bridge Suite 917,Port Curtis,29033
266,Stephanie Ashley,79847 Ruth Points,Port Emilymouth,42624
267,Jack Hays,7279 Jones Creek,Collinstown,69714
268,Michael Johnson,678 Linda Lodge Apt. 263,South Stevenport,81265
269,Leslie Guzman,4462 Coleman Road,North Jennifer,78784
270,Linda Brown,02897 Alisha Motorway,Johnstonport,67748
271,Sandy Maddox,027 Pitts Causeway Suite 476,North Richardshire,76941
272,Colin Smith,89178 Sanchez Forest Apt. 692,Smithview,56884
273,Faith Daniels,78478 Jason Ferry Suite 592,South Lisa,09747
274,Teresa Allison,838 Patel Oval Suite 496,Melissaburgh,11501
275,Shannon Kent,0157 Little Walk,Jarvisberg,95320
276,Philip Evans,73954 Brian Road,New Lukeberg,67920
277,Jordan Morales,85115 Eric Estates Suite 505,Port Frederick,93198
278,Anthony Wilkerson,82806 Zachary Centers,Brendaport,42604
279,Mason Hernandez,884 Harrington Shore,Lake Jeffrey,79481
280,Lauren Williams,7035 Morgan Expressway Suite 833,Thomasfurt,97724
281,Benjamin Hunter,52096 Jessica Street Apt. 401,Rossview,97525
282,Jason Gomez,889 Jimenez Fords Apt. 464,Stevenfurt,05382
283,Tiffany Duncan,70508 Mathis Underpass,South Marciaside,97876
284,Donna Thompson,76292 Angela Loop,Sergiohaven,99914
285,Michael Terry,0696 John Flat Apt. 707,North Nancy,20119
286,Makayla Thomas,9368 Amy Forges,Davidsontown,80818
287,Victoria Thompson,7458 Valerie Key Apt. 332,Ruizville,60415
288,Cheryl Payne,2117 Fields Shoals,Lauraborough,51140
289,Ricky Thompson,80106 Lewis Path Suite 204,Christinemouth,63412
290,Cynthia Kelly,171 Rebecca Route Apt. 630,Andersonside,84099
291,Denise Cummings,450 Gallegos Overpass,South Chadland,44377
292,Richard Franklin,74190 Jessica Mews,East Elizabethview,80867
293,Christopher Anderson,4991 Lucas Meadows Apt. 199,Lake Melissastad,79965
294,Amber Le,731 Elliott Crescent,South Eric,96055
295,Lisa Henderson,32875 Crystal Garden Suite 219,South Brendastad,55390
296,Natalie Barker,35464 Austin Rapids Suite 723,Garzaburgh,65227
297,Tara May,994 Jonathan Forks Suite 958,Stanleychester,84557
298,Robert Thompson,098 Tara Tunnel,Leeton,27850
299,Patricia Hicks,4157 Gibson Land Apt. 697,Lake Rachel,18719
300,Debra Crosby,367 Robinson Neck,West Noahstad,45885
301,Matthew Hall,48550 Spencer Islands,New Frances,18096
302,James Holder,85593 John Inlet,Paulbury,24592
303,Victoria Martin,45269 Samuel Spurs,Danielland,89062
304,Vicki Everett,12459 Klein Locks Apt. 354,Port Bryanport,26892
305,Ronald Walters,33800 Michael Walks,Christinastad,30876
306,Stephen Ayala,8712 Anthony Via Suite 088,Jacobfurt,64428
307,Ronald Bernard,9856 Elizabeth Junction Suite 142,Kimhaven,21026
308,Chase Obrien,8363 Wilkinson Dale Suite 686,Moorebury,63176
309,Richard Weeks,42469 Jackson Groves Apt. 006,Lake Ronaldberg,15348
310,Crystal Reyes,0917 Alex Ports Apt. 219,Mackenziechester,09393
311,Justin Chen,2892 Pruitt Ways Apt. 926,Perezport,91277
312,Melissa Lynch,0569 Johnson Island,Rayland,81868
313,Karen Swanson MD,246 Stephen Forge Apt. 520,Martinezstad,59959
314,Stacey Wood,11783 Mills Pike Suite 911,Johnsonbury,13828
315,James Lucas,35182 Mackenzie Mills Apt. 924,New Katherine,12797
316,Haley Shaw,979 Gillespie Corner,Port Vanessahaven,45638
317,Shaun Morton,1721 Williams Islands Apt. 188,Johnsonburgh,08021
318,Sara Johnson,116 Decker Streets Apt. 269,Woodmouth,04681
319,David Santiago,3630 Marshall Ford,East Danielle,24934
320,Angela Wallace,8893 John Valleys Suite 094,East Jessica,72831
321,Cassidy Hatfield,035 Morgan Highway Apt. 881,South Mikayla,81267
322,Christopher Sherman DDS,7526 Thomas Road,Byrdmouth,70636
323,Mary Rice,9372 Robert Knoll Apt. 907,Choiland,22369
324,John Clarke,4571 Thomas Lights,Roachchester,12898
325,Bradley Smith,85120 Bradley Prairie,Port Kimberlyville,04024
326,Brandi Molina,23265 Melody Pike,Jasonburgh,07442
327,Felicia Miller,106 Cook Avenue,Lindafurt,00909
328,Jamie Taylor,505 Kenneth Burg,Port Heather,92338
329,Stephen Rojas,0081 Christopher Ridge Apt. 029,East Brandy,67792
330,Mrs. Anita Anderson,0312 Black Radial Suite 956,Lake Andreafurt,94029
331,Sandra Sellers,065 Hooper Landing Apt. 844,West Michaelshire,13065
332,Tiffany Gomez,6068 Camacho Pines Suite 068,North Michelefort,01265
333,Duane Morse,5884 Adam Heights,Christyfort,78904
334,Michael Joseph,77294 Martinez Dam Apt. 492,Petermouth,48958
335,Brittany Clark,755 Mary Trail Suite 180,Annabury,47520
336,Daniel Gordon,59390 Price Plains,Levychester,32133
337,Tara Pierce,2537 Michael Mills,West Franciscostad,15153
338,Mrs. Kelly Fields,677 Ellis Heights Apt. 043,Jacksonbury,10006
339,Linda Stokes,021 Stewart Glens Suite 440,Debbieville,70006
340,Travis Martin,490 Edwards Rapids,West Crystalfort,86113
341,Tiffany Alexander,025 Martinez Pass,Hunterfort,97464
342,Andrew Miller,6573 Washington Summit Suite 074,Lake Michaelchester,30879
343,John Chan,048 Jackson Cliff,South Lisa,73811
344,Christine Martinez,5301 William Inlet Suite 968,Boonemouth,29092
345,Stephen Hernandez Jr.,43379 Johnson Radial Apt. 874,Coryton,18418
346,Kendra Miller,92354 Joseph Rapid Suite 100,Wernerborough,30116
347,Kevin Taylor,7428 Barbara Centers,East Jeanettebury,08889
348,Paul Pierce,793 Blair Run,New Chadburgh,33705
349,Mary Patton,406 Robert Branch,West Lauramouth,19398
350,Jacob Mason,5874 Jessica Lakes Suite 879,Natalieland,06922
351,Laura Kelly,2135 Boone Lodge Apt. 427,Davidmouth,48698
352,Suzanne Palmer,6791 Christopher Pine Apt. 153,Amandahaven,68611
353,Joseph Smith,43463 Stein Mission,Harrisview,33267
354,Seth Gross,564 Martin Mountain,Andersonchester,03198
355,Alicia Ho,0877 Patrick Spur Suite 140,Johnmouth,89203
356,Kevin Luna,500 Tamara Brook,Lake Chad,82892
357,Kimberly Suarez,293 Curtis Harbors Apt. 086,East Hannahport,44340
358,Stanley Thomas,92155 Bradshaw Crossing,Bridgetchester,87345
359,Curtis Cohen,68491 Joseph Motorway Suite 296,South Jon,26514
360,Rebecca Davis,4912 Karen Crescent Suite 777,West Meagan,20371
361,Nancy Thornton DDS,410 Adam Hills Suite 050,Port Melissa,43586
362,Robert Martin,9030 Turner Ports,East Cynthia,74299
363,Ashley Vega,975 Tammy Fall Suite 307,Jenniferborough,23841
364,Justin Bennett,63931 Montgomery Orchard Suite 597,New Charlesview,87964
365,John Fuller,0889 Roman Plain Apt. 722,Moralesview,95379
366,Daniel Schmidt,0581 Lopez Harbors Apt. 233,New Nicholas,31466
367,Madison Wolf,1483 Ronnie Inlet Suite 261,Mollyview,51176
368,Joseph Mack,39585 Joseph Walk Apt. 459,Ashleyton,98733
369,Deborah Wells,230 Miller Falls Suite 090,Gilbertberg,62855
370,Caitlyn Stephenson,4423 John Walk,Smithfurt,17545
371,Cassandra Collins,01313 Larson Roads Suite 590,Lake Sherri,02141
372,Robin Hoover,28876 Morgan Creek Suite 716,Sherryfurt,86733
373,Janet Lin,988 Robert Drives Apt. 046,New Lauraland,55434
374,Charlene Davis,3062 Downs Springs,New Richardchester,50922
375,Harry Gutierrez,86083 Marshall Oval Suite 738,Lake Scott,86756
376,Claudia Hopkins,87435 Patterson Mills,Davisside,96720
377,Lindsey Garner,56283 April Vista,Amberfurt,61484
378,Susan Williams,919 Peterson Land,Lake Julietown,67989
379,Tina Garcia,65882 Brown Walks,West Alexanderbury,46848
380,Alexander Compton,543 Gonzalez Avenue,Stacyton,94657
381,Devon Edwards,0116 Daniel Streets,East Frank,13809
382,John Edwards,382 Glenn Stravenue,Jonathanbury,86360
383,Nicholas Bishop,007 Harry Lane Apt. 015,West Candace,81887
384,Brian Schultz,487 James Corners Apt. 659,Hunterborough,99890
385,Matthew Smith,9047 Sherri Mews,Kathrynside,71364
386,Brandon Eaton,94824 Tapia Hills,North Stevenborough,36797
387,Teresa Garcia,4098 Chelsea Cliff Suite 282,North Samuel,48456
388,Kayla Long,106 Sexton Brook Apt. 042,East Luisville,07762
389,Lisa Gibson,147 Vasquez Tunnel Apt. 691,East Sarahstad,94331
390,Amanda Wilson,021 Alyssa Springs,Carrollmouth,75188
391,Olivia Dunlap,310 Leah Groves Suite 947,North Donaldville,09514
392,Greg Baker,3333 Joseph Green Apt. 226,New Karenberg,33950
393,Timothy Travis,9257 Henderson Stravenue,Wilsontown,77575
394,Kelly Jones,920 Fisher Fort,Port John,55073
395,Victoria Nguyen,477 Michelle Estates Suite 026,South Tonyaland,85208
396,Jennifer Collier,369 Santiago Burgs,Port Mariaberg,47427
397,Lisa Neal,131 Fisher Mill Suite 796,Jillshire,86603
398,Amy Cardenas,7368 Tate Lodge Suite 355,Port Victoriatown,94998
399,Mark Lee,9409 Carlos Harbors Suite 636,New Amber,64322
400,Kimberly Alexander,0083 Debra Flats,New Dominicburgh,46698
401,Cole Martinez,899 Dennis Pines Apt. 684,Tylershire,92786
402,Lewis Hamilton,Wellington,London,13134
