name,age,street,city,state,zip,lat,lon
Vanessa Gregory,79,207 Webb Forest Suite 379,South Patrickview,Arkansas,46229,-28.9160675,179.056850
Mackenzie Jackson,43,6067 Joshua Plain,Gomezport,Texas,74080,-60.061344,30.406199
Brent Johnson,70,098 Wendy Summit,Jonathanfurt,Massachusetts,88185,-44.5653845,104.463407
Richard Smith,37,747 Matthew Lights Apt. 280,South Philip,Rhode Island,57367,57.4540915,-34.109882
Danielle Steele,89,58892 Wright Stream Apt. 637,Lake Tiffany,West Virginia,59517,-23.3410195,12.384605
Joshua Williams,63,8255 Ramirez Cove Suite 430,North Marissa,Washington,56235,68.363954,-43.898413
Adam Peters,113,87484 Reginald Cliffs Apt. 689,Lake Dylan,Colorado,18732,34.6979155,107.187290
Jordan Johnson,108,149 Sherman Loop Suite 304,Port Stephanie,Ohio,51930,69.422670,-59.792195
Linda Flowers,53,14709 Nathan Cape Suite 076,Michaeltown,Montana,45063,46.8424185,-173.107839
Christopher Hansen,81,46910 Robertson Brooks,Barbarashire,Arkansas,31492,4.3753995,29.173670
Holly Johnson,90,94969 Michael Meadows Apt. 183,Willisberg,Massachusetts,78910,-65.575039,3.423957
Patricia Wilson,94,343 Garcia Bypass Suite 717,Lake Steventown,Massachusetts,79760,14.667223,-52.405367
Maureen Johns,49,162 Morgan Plaza Apt. 355,Port Kelliborough,Mississippi,58997,69.7879405,120.434441
Sean Schmitt,47,7968 Courtney Mission,Justinmouth,Alabama,20894,36.657843,-43.930644
Joshua Alexander,37,99136 Wheeler Causeway,West Marcushaven,Kentucky,62729,44.7852455,-124.197415
Melinda Perez,94,85123 Laura Canyon,West Dianaport,Arizona,80895,79.076165,134.107913
Michael Ibarra,95,5951 Emily Dam,South Tamaraburgh,Nevada,69142,-59.1871395,-3.889107
Jade Booth,119,01872 Willie Track,East Alanstad,New Hampshire,59681,-79.4988565,168.113907
Daniel Ross,107,950 Carlos Drive,West Joelland,Rhode Island,35392,51.164403,2.078747
Justin King,56,750 Autumn Mountain Suite 297,Lake Matthewland,South Dakota,90109,-21.7836215,-0.311891
Douglas Smith,60,541 Jane Knoll Suite 433,South Scott,Oregon,80289,84.863549,33.203358
Phillip Robles,37,4421 Gregory Mews Suite 404,Lake Michaelstad,Colorado,42851,-32.248864,-10.953447
Norman Richards,28,208 Leach Key Suite 845,Kellybury,Rhode Island,94513,-60.460484,84.476816
Wanda Mitchell,116,1974 Erica Dam,Gonzalezmouth,Florida,92252,46.412564,174.116703
Christine Lawson,102,64552 Hudson Ville Apt. 103,South Joannbury,Wyoming,78475,-75.9102935,115.274727
Gregory Garcia,60,7360 Riley Neck,Brianshire,Michigan,91764,-60.7982485,-117.333204
William Perry,43,4803 King Forks,Johnton,South Carolina,30598,47.266878,157.853208
Adam King,53,256 Stephanie Mall Suite 562,West Christine,Idaho,90764,-7.153514,-135.360803
Daniel Dunn,71,07856 Alison Station,South Jameshaven,Arkansas,91313,-70.779754,93.006390
Krista Williams,78,206 Jennifer Fields,East Walter,Delaware,41033,64.5580655,-51.069553
Christina Baker,106,9409 Tanner Via,North Melodystad,Vermont,83875,85.6711515,66.687078
Mary Bradford,87,80036 Lee Common Suite 931,Cheyennefort,Texas,32977,-23.6287895,3.533161
Jessica Warner,117,536 Kerri Field,North Susanland,Kansas,43781,-33.587060,-169.651562
Jennifer Stone,115,31246 Mary Summit,Nortonland,North Carolina,65727,31.3109855,-169.677312
Linda Cherry,114,316 Erickson Junctions Suite 015,New Amanda,Wyoming,73582,8.3409755,-158.724864
Edgar Morris,57,1114 Richard Station,West Cathy,Alabama,41280,-84.407952,5.278389
Tiffany Holland,103,668 Randy Corner,East Maria,Mississippi,70496,-35.6903655,-19.181738
John Garner,74,67828 Cook Creek,Lawrencefurt,Louisiana,47496,30.252710,-49.531600
Rachael Taylor,84,887 Berry Shore Suite 139,Ashleyhaven,Hawaii,36836,10.2947365,34.051862
Shaun Tran,116,801 Adam Inlet Apt. 519,New Sarah,Ohio,29796,-71.724949,163.844417
Victoria Long,18,63252 Clark Port Suite 145,New Leviburgh,Idaho,64270,-30.6459235,175.755353
Martha Soto,96,922 Mary Ville Apt. 271,Valeriemouth,Utah,19276,-13.0860375,51.126656
Connor Allen,95,7875 Martinez Trace,Christopherfort,Missouri,86350,62.984264,136.525475
Michael Silva Jr.,113,95236 Mcmillan Corners Apt. 164,West Angelicaton,Florida,38861,-53.107664,40.247855
Charles Mitchell,49,44103 Kathryn Ports Apt. 793,North Brandon,Hawaii,54451,38.1827245,69.274967
Joseph Gates,56,39899 Nicholas Island,Lake Stephenview,Mississippi,74504,-82.240901,-50.196662
Victor Kirby,55,979 Sanchez Street Suite 959,Lake Kevinfort,West Virginia,18609,-40.249738,-146.408550
Charles Alvarez,71,6149 Christopher Lane Suite 680,Singhview,Kansas,42562,-3.301709,170.013298
Kristopher Walker,52,5715 Jackson Lodge,Port Rebekahport,Massachusetts,68805,-63.806209,56.635915
Nicole Mathis,110,273 Elliott Light Suite 736,Lake Natalieton,Wyoming,29699,84.6370505,-84.588217
Megan Holloway,40,05920 Murphy Inlet,East Carla,Maryland,80470,-7.148152,32.179247
Raymond Meyers,66,589 Justin Loop,Lake Jennifer,Virginia,54139,20.828450,4.452354
Jennifer Mason,31,621 Elizabeth Oval Suite 178,West Reginaberg,Nebraska,44277,14.805620,-52.423087
Teresa Woods,25,1383 Glass Union,Chavezmouth,Nevada,79974,43.7448015,-22.711429
Rebecca Lester,75,10900 Lindsey Crossroad,Josephton,Nevada,10013,49.0821015,30.537711
Matthew Gray,36,053 Travis Neck,Kelleyside,New Mexico,89988,82.7310375,-13.319672
Renee Brown,119,6524 Cheryl Villages Suite 518,North Ambermouth,California,51416,-37.4489105,71.056826
Teresa Guzman,94,014 Peggy Cliff,Velasqueztown,Ohio,66247,12.965395,2.120094
Chelsey Meyers,113,423 Henderson Summit Apt. 234,Alisonmouth,Minnesota,70923,83.6498555,10.607844
Jamie Brown,67,226 Rebecca Manors,Erinport,New Mexico,80904,-40.032825,173.131450
Michael Johnson,113,5361 Robert Court,Lake Luiston,Alaska,12016,-32.5201685,61.682241
Elizabeth Miller,20,337 Jonathan Creek,Lake Stacey,Washington,53311,83.634483,-4.694774
Barbara Brown,54,811 Morgan Station,East Lorimouth,Georgia,36653,-20.051390,-174.752011
Christine Morris,25,03961 Brad Plains Suite 109,North Jodyshire,Mississippi,69775,-4.148093,-105.628117
Sarah Williams,110,40170 Hill Roads Apt. 561,South Michael,Wyoming,97955,-34.7649645,-100.100639
Jennifer Conrad,108,65139 Erin Inlet Suite 604,Port Amandaland,Louisiana,28230,50.936674,-41.220019
Linda Nichols,57,1363 Bush Common,Markburgh,Colorado,44878,-26.2243045,-59.747407
Julia Proctor,21,685 James Union,Barrybury,Connecticut,53573,-80.432495,-78.045054
Eric Espinoza,100,3127 Tamara Ridge Suite 206,Diazmouth,Nevada,83300,-34.935203,43.507208
Daniel Perkins,108,89579 Miller Lane,Adamsfurt,Arizona,51775,13.6032305,97.879746
Gabrielle Ryan,90,44414 Frederick Vista,Lake Jeffreyberg,Arkansas,71160,18.212582,-95.933573
Calvin Barnes,58,211 Larsen Forge Suite 884,New Jessicabury,Massachusetts,60002,-2.321237,55.846752
Jennifer Perez,72,22387 Sharp Loop,East Gina,Virginia,79720,19.478893,-161.920935
Richard Archer,104,573 Martinez Lakes,Brettmouth,West Virginia,07216,-28.024073,22.736759
Denise Lewis,48,563 Dawn Run,East Bethville,Georgia,41723,-64.1368885,-81.308505
Peter Turner,111,74844 Poole Haven,New Richardland,Mississippi,15575,18.016258,94.861289
Cynthia Sandoval,97,852 Karen Manor Apt. 066,South Christopherton,Wyoming,11339,-58.517867,41.300122
Megan Chang,87,010 Jennifer Avenue Apt. 957,Jasonborough,South Carolina,57982,0.7989555,128.462084
Robert Herrera,70,340 Soto Road Apt. 920,Jonestown,South Carolina,23852,19.7212325,44.843364
Amy Morales,72,53356 Mario Plaza Suite 628,Carlyport,Colorado,18635,-13.133172,94.103105
Alexandra Gomez,107,69429 Lopez Ways,Leefurt,Tennessee,65448,58.9467355,134.378894
Kelly Andrews,52,464 Cindy Prairie,New Jonathan,New York,79549,19.292180,-30.937592
Sarah Macdonald,60,49606 Leonard Avenue,Jamesfort,Connecticut,24221,14.5327335,-57.287783
Mackenzie King,45,34394 Holder Fort Suite 179,Connorshire,Indiana,05274,-73.8072495,69.790963
Wanda Sanders,32,94654 Catherine Crest Apt. 590,Lake Nicolebury,Hawaii,11893,19.384821,52.138214
Mary Miller,21,96369 Ashley Track,Pachecomouth,Arkansas,61228,-32.834962,8.056747
Sylvia Smith,68,997 James Summit Suite 967,Perezstad,North Carolina,88172,53.1833505,-174.860838
Kenneth Benson,19,0647 Greene Greens Suite 367,West Kennethstad,Vermont,09251,-12.018553,149.432225
Lisa Thompson,119,009 Deborah Crossing,Hillborough,Texas,42337,-26.5930285,11.369513
John Byrd,93,54968 Lacey Stream,Nicolemouth,Kansas,33953,-38.8357585,-42.141729
Ashley Bright,118,844 Johnson Gateway,New Cindy,Maryland,11363,-49.932411,-154.449375
Jaime Cole,99,619 Lutz Walk,Natashaburgh,Missouri,05093,43.4906225,87.875689
Janet Clark,42,305 Chloe Loop,South Tracyland,Idaho,04852,43.690173,-164.084863
Elizabeth Harris,66,151 Susan Fork Apt. 828,Beckerchester,Texas,11607,-15.8849285,85.866186
Sherry Spencer,29,49359 Amanda Orchard Apt. 195,Denisechester,Texas,04974,20.525252,158.352179
Brandi Rowe,41,6940 Cortez Manor,Dunlaphaven,Texas,52023,-69.711361,-12.518250
Christine Wright,113,3451 Eric Mountains,West Karenton,North Dakota,03404,43.486853,75.288435
Elizabeth Camacho,55,4913 Morgan Villages,East Henry,Nevada,49492,30.470345,-112.009161
Stephen Mercado,47,45431 James Ways Suite 349,Schmidthaven,North Dakota,62264,26.4951805,122.608357
Stephanie Johnson,21,08357 Hill Key,Peckhaven,Alaska,69203,-39.5804775,-91.774456
Seth Powell,94,3323 Allison Roads Apt. 663,Jamesborough,Ohio,21785,-4.5349785,35.715863
Katherine Ballard,38,4504 Flowers Springs,Angelaberg,Louisiana,88712,88.5105855,-138.009229
Mark French,113,0971 Young Loaf,Michaelburgh,Maine,41007,-10.373916,90.495336
Dr. Bridget Garcia DDS,66,499 Todd Lane Suite 795,Jessicaburgh,Indiana,55636,39.638252,-119.400549
Amber Carter,43,856 Collier Groves Apt. 638,East Andresmouth,Connecticut,28500,-58.7268575,64.119210
Judy Frazier,62,032 Monica Stream Apt. 085,Zunigaville,New York,10797,7.752342,-121.623900
Daniel Hall,24,27050 Beth Walks,Walterville,Nevada,16176,72.113618,10.638400
Kenneth Wilkinson,112,650 Mosley Crest Apt. 818,Lake Kelly,Tennessee,07474,46.9396015,-178.432566
David Adams,100,97785 Katie Trail,Carrtown,Alaska,95569,-84.457366,25.875328
Denise Curtis,63,8360 Claire Mission Apt. 176,East Pamelaside,New Hampshire,52779,8.440299,-75.880670
Daniel Hudson,74,61601 Hicks Dale,Port Jennifer,Pennsylvania,53519,-30.689130,-5.428826
Kimberly Evans,52,2785 David Plains Suite 715,Jasminetown,Alaska,03424,84.7661185,-130.421844
Timothy Sanchez,39,938 Rodriguez Common,Lake Jerryhaven,Maryland,00607,-53.316623,-110.572619
Pamela Burton,85,1935 Kim Run,Nicholasshire,Michigan,41285,-83.786484,142.748751
Tammy Wise,107,61867 Brooks Wall,South Ashley,Alaska,18251,-56.6011085,-169.309678
Shannon Wilkinson,28,76611 Mason Ways,West Kristin,Maryland,82394,65.9656305,63.639979
Gregory Kemp,52,29126 Alvin Bridge Suite 168,Lake Benjamin,Georgia,05373,62.707860,-65.180537
Matthew Taylor,90,6809 Mercedes Gateway Suite 738,Vincentshire,Virginia,12116,-64.997842,173.387295
Robert Cook,69,3559 Long Fork Suite 383,Christinachester,Idaho,92258,24.3882095,-123.102793
Joel Perez,68,927 Williams Grove,New Stephen,South Dakota,60986,48.634530,172.329459
Taylor Dunn,88,1432 Michael Grove,Martinville,New Hampshire,71480,-81.995012,101.706632
Anna Richards,70,0874 Townsend Drive Suite 915,New Ian,Mississippi,71881,-40.3557805,-90.635188
Kelly Nguyen,85,26088 Coleman Pass Suite 823,Port Meredithtown,Utah,04279,26.810617,113.930459
Russell Williams,38,939 Paige Inlet Apt. 689,West Daniel,Iowa,41332,66.9173675,-110.574007
Randall Ortiz,56,40633 Barton Neck Suite 697,Connorside,New Jersey,11419,-70.4947785,-35.514752
Rachel Thomas MD,58,26928 Brian Points,New Thomas,Nebraska,24153,-5.0382435,-132.178763
Brandon Day,58,154 Wood Club,Mannview,Utah,16598,-10.3752535,-14.769685
Debra Smith,33,868 Lindsey Land Suite 841,Morganbury,Delaware,23872,-63.865242,-152.220159
Colton Oconnor MD,101,461 Rodriguez Park,Jamesfort,Nebraska,81294,57.7177045,-58.662551
Todd Banks,84,291 Rodriguez Way,Moorefurt,Georgia,90002,-87.927049,27.054956
Amy Guerrero,39,89305 Mark Path Apt. 199,North Susanton,Rhode Island,61953,72.8958675,-161.510798
Nicholas Cruz,61,6363 Maldonado Cliffs Apt. 213,East Marialand,Virginia,37961,-50.650453,-38.240026
Christina Lambert,55,0835 Alexis Square,Hayleyborough,California,66975,0.7585265,-160.056668
Regina Terrell,101,0205 Taylor Canyon Apt. 057,Lake Gina,New Hampshire,46610,-22.416431,70.527966
Joseph Banks,86,530 Hart Pine Suite 573,East Garyshire,Arkansas,17717,46.291622,59.062535
Robert Rubio,52,71092 Christina Burgs,Robertsbury,South Dakota,80723,-49.504672,166.897985
Kenneth Guzman,74,57554 Hudson Estates Suite 639,North Tanner,Illinois,59926,-37.196382,-2.647966
Jessica Lee,73,528 Kelley Wells,Joshuaborough,Hawaii,78500,26.034112,-79.387736
Diane Lyons,30,20228 Gilmore Creek Suite 328,Ericchester,Missouri,46205,-0.491390,15.415782
Brittany Jones,51,934 Frazier Club Apt. 988,New Ashley,New Mexico,23607,-87.530741,-84.535421
Douglas Cantrell,20,6355 Brenda Streets Apt. 907,Swansonburgh,Rhode Island,84071,68.984588,-90.006606
Amanda Arnold,87,555 Coleman Walks,West Maryside,Connecticut,98532,-25.1226045,146.267563
Glen Wells,114,92674 John Mews,West Mark,California,28972,-68.3017925,-100.713931
Grace Blake,31,407 Nathan Locks,New Michaelfurt,Texas,97129,-61.6707355,-34.409428
Tommy Thompson,46,9476 Cox Points,New Linda,Kentucky,62588,51.9301115,88.747202
Terry Williams,58,570 Victor Prairie Apt. 959,Port Kimberlyfurt,Kansas,81043,-49.7545975,44.937913
Kyle Bush,89,28809 Angela Lock,Howardhaven,Delaware,10093,-56.480680,2.953734
Oscar Hammond Jr.,70,389 Smith Path Suite 947,Garciaview,New Mexico,36821,-55.7845405,123.415596
Linda Gilbert,53,429 Timothy Drive Apt. 909,Anthonyberg,Alaska,09146,29.016767,-35.132055
Christine Herman,42,93587 Joseph Gardens Apt. 474,South Robertmouth,Montana,56937,-52.8887095,-27.573233
William Powell,20,104 Katherine Mountain,Michaelberg,Colorado,64753,41.4794125,-174.593072
Amy Tanner,95,787 Michael Radial Apt. 275,New Shannonton,Arizona,88951,-62.0480725,26.307880
Leonard Allen,52,03179 Gates Drives,Lake Ryanland,New Hampshire,97034,-48.1365545,56.913390
Richard Booth,46,14580 Anderson Ramp,New Robertbury,Kentucky,26347,38.922280,-96.789217
Desiree Hernandez,45,9489 Lowery Shoals,Adamsfort,New Mexico,52246,-33.2914345,-145.034849
Lee Cisneros,25,0675 Gregory Lights Apt. 623,Hernandezland,Nevada,71844,-18.653491,-139.278988
Pamela Hutchinson,79,682 Omar Hollow Suite 461,Coryside,California,86973,56.673618,102.940130
Cassidy Martin,68,98907 Julie Glen Suite 864,Lake Craigfort,Nebraska,39045,-34.6085395,-95.092985
Ebony Copeland,86,1279 Rice Alley,Port John,Michigan,80976,21.030222,173.244063
James Tran,60,937 Fuller View Suite 504,Port Heather,Arkansas,81544,-40.3762615,-22.842634
Nancy Zuniga,116,753 Shea Shores,Costaside,Iowa,43942,40.136650,-87.344208
Jared Williams,113,324 Smith Forest Apt. 463,New Stephaniebury,Delaware,08954,82.816491,-36.223741
Douglas Gallegos,22,404 White Radial Suite 175,North Tylermouth,Massachusetts,02853,-22.9362195,142.675154
David Jacobs,97,16231 Sarah Branch,Port Cassandra,Wyoming,89295,66.740865,49.892172
Kayla Young,81,19765 Thomas Spurs,Chapmanville,South Carolina,94333,-9.051606,-137.187628
William Ramirez,33,839 White Flat,North Steven,Kentucky,21383,-77.227064,166.684026
James Perry,102,42763 Lee Street Suite 763,Amandatown,Ohio,17969,-57.185417,130.341180
Danielle Aguilar,93,771 Parks Route,East Jill,Iowa,51190,-21.7689835,164.386565
Alex Lopez,116,279 Ortiz Locks Apt. 293,North Markfurt,Louisiana,31227,-65.7845305,101.427628
Natalie Haynes,88,102 Amy Rapid Suite 531,Port Aaronfurt,Maryland,77788,-36.670555,121.949519
Jessica Brennan,60,416 Natalie Centers,Richardside,Maine,92032,-23.674197,-156.367054
Jose Marshall,18,591 Herrera Drive,North Heather,Maryland,77825,-65.2890445,-171.490992
Ashley Campbell,23,11188 Jose Fork,Matthewmouth,Tennessee,93552,-61.8494115,112.771653
Michelle Franklin,76,223 Francis Turnpike Apt. 935,Bethfort,Virginia,54281,5.2244505,66.174407
Alicia Gamble,56,10552 Mcmahon Knoll Suite 937,Port Donna,Tennessee,19466,-5.8689525,-73.131345
Brian White,92,18041 Kyle Prairie Apt. 287,East Joanfurt,Massachusetts,25789,39.6502035,-126.198547
Matthew Hinton,25,7180 Amy Prairie,Nicoleview,Rhode Island,40622,73.188655,-126.008567
Robert Randall,114,1582 Stephanie Shoal,Lake Christopher,Maryland,53800,15.073617,33.889267
Jon Parks,59,70584 Ethan Mews,New Debrachester,Arizona,33191,64.962650,96.139756
Deborah Henson,100,39185 Gray Squares Apt. 202,Reyesfort,Pennsylvania,19889,2.7795845,13.229738
Patrick Sullivan,95,9269 Martin Knoll,Lopezstad,Arizona,79751,6.354290,-124.586457
David Zuniga,83,763 Reginald Creek,Smithton,California,31632,78.5381485,-30.918475
Jacob Brown,62,1652 Ellis Glen Apt. 708,Lake Danielview,Illinois,48614,30.5980485,-122.492307
Michael Gray,117,6451 Carol Squares Suite 334,Grahammouth,Maryland,16292,14.1655805,35.599447
Adrian Burch,79,8550 Gary Loop Apt. 228,Port Kristi,Iowa,08076,23.818946,67.076721
Donna Burgess,99,771 Hill Cape,Phillipschester,North Carolina,70951,-78.034590,-50.278138
Alexander Greene,71,56890 Clark Circle Apt. 242,East Susanburgh,Virginia,75598,82.1213645,-152.064036
Jacob Hayes,105,44448 Moreno Union Suite 422,Davilaside,Oklahoma,14430,23.975343,67.101550
Melissa Patton,77,734 Patrick Track Suite 000,Port Frankbury,North Dakota,05023,14.5295615,-105.046917
Jonathan Williams,38,716 Mary Shores,New Melissa,Kansas,08336,56.708474,145.598946
Michelle Marsh,23,646 Kimberly Mills Suite 238,Kathyhaven,Nebraska,52780,25.040755,176.458348
Carlos Johnson,99,224 Mike Ford Apt. 321,East Catherine,South Dakota,74901,86.628062,178.211865
Andrew Collins,101,754 Kramer Ferry Suite 560,New Andrewburgh,Kentucky,82627,82.0075925,-170.077680
Patricia Martin,98,536 Brandon Ferry,Wayneland,Michigan,11050,18.1831435,173.995831
Chelsea Johnson,93,0522 Garrison Extension Apt. 999,Port Wendy,Maine,40995,33.8035015,94.913158
Raymond Garza,27,108 Robinson Greens Apt. 109,South Crystalshire,Hawaii,16945,81.4409735,-7.861092
Troy Garcia,117,31352 Wood Roads Suite 121,West Gregoryville,Georgia,21456,46.2058805,62.622726
Brandi Boyd,99,93100 Fuller Meadow Apt. 453,East Cherylfurt,Washington,79464,31.7449035,-7.662981
Amanda Garcia,28,529 Maldonado Passage,Wendystad,Tennessee,80111,44.188818,-172.421790
